SUMLEV,REGION,DIVISION,STATE,COUNTY,STNAME,CTYNAME,CENSUS2010POP,ESTIMATESBASE2010,POPESTIMATE2010,POPESTIMATE2011,POPESTIMATE2012,POPESTIMATE2013,POPESTIMATE2014,POPESTIMATE2015,NPOPCHG_2010,NPOPCHG_2011,NPOPCHG_2012,NPOPCHG_2013,NPOPCHG_2014,NPOPCHG_2015,BIRTHS2010,BIRTHS2011,BIRTHS2012,BIRTHS2013,BIRTHS2014,BIRTHS2015,DEATHS2010,DEATHS2011,DEATHS2012,DEATHS2013,DEATHS2014,DEATHS2015,NATURALINC2010,NATURALINC2011,NATURALINC2012,NATURALINC2013,NATURALINC2014,NATURALINC2015,INTERNATIONALMIG2010,INTERNATIONALMIG2011,INTERNATIONALMIG2012,INTERNATIONALMIG2013,INTERNATIONALMIG2014,INTERNATIONALMIG2015,DOMESTICMIG2010,DOMESTICMIG2011,DOMESTICMIG2012,DOMESTICMIG2013,DOMESTICMIG2014,DOMESTICMIG2015,NETMIG2010,NETMIG2011,NETMIG2012,NETMIG2013,NETMIG2014,NETMIG2015,RESIDUAL2010,RESIDUAL2011,RESIDUAL2012,RESIDUAL2013,RESIDUAL2014,RESIDUAL2015,GQESTIMATESBASE2010,GQESTIMATES2010,GQESTIMATES2011,GQESTIMATES2012,GQESTIMATES2013,GQESTIMATES2014,GQESTIMATES2015,RBIRTH2011,RBIRTH2012,RBIRTH2013,RBIRTH2014,RBIRTH2015,RDEATH2011,RDEATH2012,RDEATH2013,RDEATH2014,RDEATH2015,RNATURALINC2011,RNATURALINC2012,RNATURALINC2013,RNATURALINC2014,RNATURALINC2015,RINTERNATIONALMIG2011,RINTERNATIONALMIG2012,RINTERNATIONALMIG2013,RINTERNATIONALMIG2014,RINTERNATIONALMIG2015,RDOMESTICMIG2011,RDOMESTICMIG2012,RDOMESTICMIG2013,RDOMESTICMIG2014,RDOMESTICMIG2015,RNETMIG2011,RNETMIG2012,RNETMIG2013,RNETMIG2014,RNETMIG2015
040,3,6,01,000,Alabama,Alabama,4779736,4780127,4785161,4801108,4816089,4830533,4846411,4858979,5034,15947,14981,14444,15878,12568,14226,59689,59062,57938,58334,58305,11089,48811,48357,50843,50228,50330,3137,10878,10705,7095,8106,7975,1357,4926,4904,4834,5529,5726,537,11,-929,1838,2816,-2268,1894,4937,3975,6672,8345,3458,3,132,301,677,-573,1135,116185,116212,115560,115666,116963,119088,119599,12.453020044,12.282580881,12.012080498,12.056285538,12.014973123,10.183523955,10.056360497,10.541099257,10.380963246,10.371556424,2.2694960886,2.2262203842,1.4709812409,1.6753222918,1.6434166994,1.0277199607,1.0198397724,1.0022161125,1.1427161302,1.1799628866,0.0022949492,-0.193195585,0.3810660353,0.5820019213,-0.467369163,1.0300149099,0.8266441875,1.3832821479,1.7247180515,0.7125937237
050,3,6,01,001,Alabama,Autauga County,54571,54571,54660,55253,55175,55038,55290,55347,89,593,-78,-137,252,57,151,636,615,574,623,600,152,507,558,583,504,467,-1,129,57,-9,119,133,33,20,16,16,18,19,49,398,-161,-166,125,-140,82,418,-145,-150,143,-121,8,46,10,22,-10,45,455,455,455,455,455,455,455,11.572789388,11.138479371,10.416194097,11.293597274,10.846281081,9.2254783329,10.106132503,10.579514213,9.1363933,8.4420221083,2.3473110551,1.0323468685,-0.163320117,2.1572039736,2.404258973,0.3639241946,0.2897815771,0.2903468738,0.3262997607,0.3434655676,7.2420914723,-2.91592712,-3.012348815,2.2659705605,-2.530798919,7.6060156669,-2.626145543,-2.722001942,2.5922703212,-2.187333351
050,3,6,01,003,Alabama,Baldwin County,182265,182265,183193,186659,190396,195126,199713,203709,928,3466,3737,4730,4587,3996,517,2187,2092,2160,2186,2240,532,1825,1879,1902,2044,1992,-15,362,213,258,142,248,69,187,172,170,212,221,856,2743,3327,4211,3799,3469,925,2930,3499,4381,4011,3690,18,174,25,91,434,58,2307,2307,2307,2249,2304,2308,2309,11.826352162,11.09652438,11.205586192,11.072867675,11.104996753,9.8688123898,9.9667157311,9.8671411748,10.353587158,9.8755149694,1.9575397727,1.1298086486,1.3384450174,0.7192805169,1.2294817833,1.0112152969,0.9123337444,0.8819211355,1.0738554196,1.0956269118,14.832960211,17.647292835,21.845705303,19.243286504,17.197872203,15.844175508,18.55962658,22.727626439,20.317141924,18.293499115
050,3,6,01,005,Alabama,Barbour County,27457,27457,27341,27226,27159,26973,26815,26489,-116,-115,-67,-186,-158,-326,70,335,300,283,260,269,128,319,291,294,310,309,-58,16,9,-11,-50,-40,2,-4,-7,-3,-2,0,-62,-129,-68,-191,-105,-281,-60,-133,-75,-194,-107,-281,2,2,-1,19,-1,-5,3193,3193,3382,3388,3389,3353,3352,12.278483332,11.032453802,10.45592256,9.6675838477,10.093051178,11.692048308,10.701480188,10.862336511,11.526734588,11.593876632,0.5864350248,0.330973614,-0.406413951,-1.85915074,-1.500825454,-0.146608756,-0.257423922,-0.110840168,-0.07436603,0,-4.728132388,-2.500689528,-7.05682406,-3.904216554,-10.54329881,-4.874741144,-2.75811345,-7.167664228,-3.978582583,-10.54329881
050,3,6,01,007,Alabama,Bibb County,22915,22919,22861,22733,22642,22512,22549,22583,-58,-128,-91,-130,37,34,44,266,245,259,247,253,34,278,237,281,211,223,10,-12,8,-22,36,30,2,10,16,18,21,21,-69,-126,-115,-140,-4,4,-67,-116,-99,-122,17,25,-1,0,0,14,-16,-21,2224,2224,2224,2224,2224,2233,2236,11.668201956,10.798898072,11.471851885,10.962916935,11.21155721,12.194587007,10.446280992,12.446294902,9.3650828876,9.8821235487,-0.526385051,0.3526170799,-0.974443017,1.5978340472,1.3294336613,0.4386542089,0.7052341598,0.7972715596,0.9320698609,0.9306035629,-5.527043032,-5.068870523,-6.201001019,-0.177537116,0.1772578215,-5.088388823,-4.363636364,-5.403729459,0.7545327445,1.1078613844
050,3,6,01,009,Alabama,Blount County,57322,57322,57373,57711,57776,57734,57658,57673,51,338,65,-42,-76,15,183,744,710,646,618,603,133,570,592,585,589,590,50,174,118,61,29,13,5,3,19,20,28,28,-3,104,-68,-101,-119,-79,2,107,-49,-81,-91,-51,-1,57,-4,-22,-14,53,489,489,489,489,489,489,489,12.929686142,12.295756232,11.185178772,10.711314476,10.456858954,9.9058079316,10.252236182,10.128993161,10.208679978,10.231420867,3.0238782107,2.0435200499,1.0561856116,0.5026344981,0.2254380869,0.0521358312,0.329041364,0.3462903645,0.485302274,0.4855589564,1.8073754823,-1.177621724,-1.748766341,-2.062534664,-1.369969913,1.8595113135,-0.84858036,-1.402475976,-1.57723239,-0.884410956
050,3,6,01,011,Alabama,Bullock County,10914,10915,10887,10629,10606,10628,10829,10696,-28,-258,-23,22,201,-133,39,169,122,132,118,123,52,132,116,120,99,109,-13,37,6,12,19,14,7,21,25,28,31,32,-23,-333,-55,-12,154,-174,-16,-312,-30,16,185,-142,1,17,1,-6,-3,-5,1690,1690,1690,1777,1715,1757,1757,15.709239636,11.490463857,12.432890647,10.998741669,11.428571429,12.26993865,10.925359077,11.302627861,9.2277578413,10.12775842,3.4393009853,0.5651047798,1.1302627861,1.7709838281,1.3008130081,1.9520356944,2.3546032494,2.6372798342,2.8894999301,2.9732868757,-30.95370887,-5.180127149,-1.130262786,14.354289975,-16.16724739,-29.00167317,-2.825523899,1.5070170481,17.243789905,-13.19396051
050,3,6,01,013,Alabama,Butler County,20947,20946,20944,20673,20408,20261,20276,20154,-2,-271,-265,-147,15,-122,65,276,241,240,267,257,60,261,271,261,265,236,5,15,-30,-21,2,21,0,2,2,2,2,2,-5,-292,-240,-115,22,-132,-5,-290,-238,-113,24,-130,-2,4,3,-13,-11,-13,333,333,333,333,333,333,333,13.263810462,11.732917894,11.80260149,13.173150455,12.713331684,12.542951198,13.193447092,12.83532912,13.074475171,11.674499134,0.7208592642,-1.460529198,-1.03272763,0.0986752843,1.0388325501,0.0961145686,0.0973686132,0.0983550124,0.0986752843,0.0989364333,-14.03272701,-11.68423359,-5.655413214,1.0854281274,-6.529804601,-13.93661244,-11.58686497,-5.557058202,1.1841034117,-6.430868167
050,3,6,01,015,Alabama,Calhoun County,118572,118586,118437,117768,117286,116575,115993,115620,-149,-669,-482,-711,-582,-373,317,1382,1357,1309,1355,1335,312,1326,1357,1412,1407,1395,5,56,0,-103,-52,-60,6,43,61,54,64,66,-155,-727,-542,-646,-519,-391,-149,-684,-481,-592,-455,-325,-5,-41,-1,-16,-75,12,2933,2934,2882,2958,2812,2797,2804,11.701699795,11.546282982,11.194684022,11.652505934,11.527850337,11.227535404,11.546282982,12.075549151,12.099686973,12.04595597,0.4741643911,0,-0.880865129,-0.44718104,-0.518105633,0.3640905146,0.5190296698,0.4618127862,0.550376664,0.5699161964,-6.155669863,-4.611706246,-5.524649257,-4.46321076,-3.376321709,-5.791579348,-4.092676576,-5.062836471,-3.912834096,-2.806405513
050,3,6,01,017,Alabama,Chambers County,34215,34170,34098,33993,34075,34153,34052,34123,-72,-105,82,78,-101,71,81,401,393,404,421,429,80,441,475,452,491,457,1,-40,-82,-48,-70,-28,7,31,29,31,34,34,-74,-93,131,98,-78,46,-67,-62,160,129,-44,80,-6,-3,4,-3,13,19,458,458,458,458,458,458,458,11.778355436,11.547276253,11.842645248,12.345135987,12.585258526,12.953253734,13.956631604,13.249692208,14.397771424,13.406674001,-1.174898298,-2.409355351,-1.40704696,-2.052635437,-0.821415475,0.9105461808,0.8520890874,0.9087178285,0.9969943553,0.9974330766,-2.731638543,3.8490920844,2.8727208771,-2.287222344,1.3494682802,-1.821092362,4.7011811718,3.7814387055,-1.290227989,2.3469013568
050,3,6,01,019,Alabama,Cherokee County,25989,25986,25976,26080,26023,26084,25995,25859,-10,104,-57,61,-89,-136,55,221,245,232,261,250,110,309,334,340,329,315,-55,-88,-89,-108,-68,-65,3,2,8,7,8,8,44,165,29,143,-2,-84,47,167,37,150,6,-76,-2,25,-5,19,-27,5,290,290,290,290,290,290,290,8.4908560012,9.4044488801,8.9047536799,10.023233933,9.6424576696,11.871830337,12.820758881,13.050070048,12.634651203,12.149496664,-3.380974335,-3.416310001,-4.145316368,-2.61141727,-2.507038994,0.0768403258,0.3070840451,0.2686779128,0.3072255612,0.3085586454,6.3393268787,1.1131796634,5.488705932,-0.07680639,-3.239865777,6.4161672045,1.4202637084,5.7573838448,0.2304191709,-2.931307132
050,3,6,01,021,Alabama,Chilton County,43643,43631,43665,43739,43697,43795,43921,43943,34,74,-42,98,126,22,124,565,565,537,586,561,142,474,495,499,474,462,-18,91,70,38,112,99,8,24,9,17,22,22,47,-60,-116,21,20,-99,55,-36,-107,38,42,-77,-3,19,-5,22,-28,0,393,393,393,393,393,393,393,12.928470093,12.923738506,12.275408037,13.361302385,12.769735045,10.846185529,11.322567364,11.406757189,10.807606366,10.51625239,2.0822845636,1.6011711423,0.8686508481,2.553696019,2.253482655,0.5491739508,0.2058648612,0.3886069584,0.5016188609,0.5007739233,-1.372934877,-2.653369322,0.4800438897,0.4560171462,-2.253482655,-0.823760926,-2.44750446,0.8686508481,0.9576360071,-1.752708732
050,3,6,01,023,Alabama,Choctaw County,13859,13858,13841,13593,13543,13378,13289,13170,-17,-248,-50,-165,-89,-119,29,114,110,138,119,127,21,160,145,194,183,168,8,-46,-35,-56,-64,-41,1,-1,0,0,0,0,-23,-212,-10,-118,-17,-70,-22,-213,-10,-118,-17,-70,-3,11,-5,9,-8,-8,129,129,129,129,129,129,129,8.3108551433,8.1073113208,10.252219457,8.9248884389,9.5997581163,11.664358096,10.686910377,14.412540396,13.72482844,12.698892626,-3.353502953,-2.579599057,-4.160320939,-4.799940001,-3.09913451,-0.072902238,0,0,0,0,-15.45527448,-0.737028302,-8.76639055,-1.274984063,-5.291205261,-15.52817672,-0.737028302,-8.76639055,-1.274984063,-5.291205261
050,3,6,01,025,Alabama,Clarke County,25833,25840,25767,25570,25144,25116,24847,24675,-73,-197,-426,-28,-269,-172,49,259,292,269,249,247,46,299,286,291,297,313,3,-40,6,-22,-48,-66,1,3,4,4,5,5,-81,-159,-448,-8,-217,-139,-80,-156,-444,-4,-212,-134,4,-1,12,-2,-9,28,280,280,280,280,280,280,280,10.090188363,11.515557834,10.704337445,9.9673758581,9.9753644845,11.648518612,11.278936783,11.579785117,11.88879771,12.640846492,-1.558330249,0.2366210514,-0.875447672,-1.921421852,-2.665482008,0.1168747687,0.1577473676,0.159172304,0.2001481096,0.2019304552,-6.19436274,-17.66770517,-0.318344608,-8.686427957,-5.613666653,-6.077487972,-17.5099578,-0.159172304,-8.486279847,-5.411736198
050,3,6,01,027,Alabama,Clay County,13932,13932,13880,13670,13456,13467,13538,13555,-52,-210,-214,11,71,17,27,153,147,121,164,149,39,211,183,172,176,194,-12,-58,-36,-51,-12,-45,1,-1,0,1,1,1,-36,-148,-181,66,77,53,-35,-149,-181,67,78,54,-5,-3,3,-5,5,8,255,255,255,255,255,255,255,11.10707804,10.838310108,8.9885971103,12.145898908,10.999151072,15.317604356,13.492590135,12.777179363,13.034623218,14.321042336,-4.210526316,-2.654280027,-3.788582253,-0.88872431,-3.321891263,-0.072595281,0,0.0742859265,0.0740603592,0.0738198059,-10.74410163,-13.34513013,4.9028711511,5.7026476578,3.9124497103,-10.81669691,-13.34513013,4.9771570776,5.776708017,3.9862695161
050,3,6,01,029,Alabama,Cleburne County,14972,14972,14973,14971,14921,15028,15072,15018,1,-2,-50,107,44,-54,41,184,183,177,186,185,22,174,159,187,187,189,19,10,24,-10,-1,-4,0,0,0,0,0,0,-10,-55,-77,110,55,-47,-10,-55,-77,110,55,-47,-8,43,3,7,-10,-3,178,178,178,178,178,178,178,12.289607267,12.244078683,11.82009416,12.358803987,12.296444001,11.621693828,10.638297872,12.48789609,12.425249169,12.562313061,0.6679134384,1.6057808109,-0.66780193,-0.066445183,-0.265869059,0,0,0,0,0,-3.673523911,-5.151880102,7.3458212294,3.6544850498,-3.123961449,-3.673523911,-5.151880102,7.3458212294,3.6544850498,-3.123961449
050,3,6,01,031,Alabama,Coffee County,49948,49948,50177,50448,51173,50755,50831,51211,229,271,725,-418,76,380,168,677,622,617,614,616,77,508,492,519,476,519,91,169,130,98,138,97,48,90,195,138,144,160,92,19,390,-670,-183,113,140,109,585,-532,-39,273,-2,-7,10,16,-23,10,600,600,600,600,600,600,600,13.455900621,12.241564244,12.10658504,12.088279881,12.073459948,10.09689441,9.6830379548,10.183659053,9.3713700707,10.172282002,3.3590062112,2.5585262889,1.922925987,2.7169098104,1.9011779463,1.7888198758,3.8377894333,2.7077937368,2.8350363239,3.1359636228,0.3776397516,7.6755788666,-13.14653481,-3.602858662,2.2147743086,2.1664596273,11.5133683,-10.43874107,-0.767822338,5.3507379314
050,3,6,01,033,Alabama,Colbert County,54428,54428,54514,54443,54472,54471,54480,54354,86,-71,29,-1,9,-126,162,605,623,589,587,573,129,671,668,723,678,649,33,-66,-45,-134,-91,-76,9,32,22,28,38,38,45,-4,58,96,100,-6,54,28,80,124,138,32,-1,-33,-6,9,-38,-82,474,474,474,474,474,474,474,11.10529842,11.44011385,10.812993951,10.775486228,10.529797674,12.316785521,12.266446311,13.27299597,12.445961946,11.926420053,-1.2114871,-0.826332461,-2.460002019,-1.670475718,-1.396622379,0.5873876851,0.4039847588,0.5140302727,0.697561289,0.6983111895,-0.073423461,1.0650507276,1.7623895064,1.8356876027,-0.110259662,0.5139642244,1.4690354864,2.2764197792,2.5332488917,0.588051528
050,3,6,01,035,Alabama,Conecuh County,13228,13228,13208,13121,12996,12875,12662,12672,-20,-87,-125,-121,-213,10,34,158,144,152,140,146,13,189,170,192,158,183,21,-31,-26,-40,-18,-37,0,0,0,0,0,0,-37,-64,-98,-79,-187,34,-37,-64,-98,-79,-187,34,-4,8,-1,-2,-8,13,45,45,45,45,45,45,45,12.001975009,11.027300226,11.75060879,10.964482907,11.526012473,14.35679289,13.018340544,14.842874261,12.374202138,14.446988237,-2.354817881,-1.991040319,-3.092265471,-1.409719231,-2.920975764,0,0,0,0,0,-4.861559497,-7.504690432,-6.107224305,-14.64541645,2.6841398911,-4.861559497,-7.504690432,-6.107224305,-14.64541645,2.6841398911
050,3,6,01,037,Alabama,Coosa County,11539,11758,11758,11348,11195,11059,10807,10724,0,-410,-153,-136,-252,-83,21,95,107,86,96,91,11,163,140,133,108,106,10,-68,-33,-47,-12,-15,-1,-1,-1,-1,-1,0,-5,-392,-116,-48,-251,-58,-6,-393,-117,-49,-252,-58,-4,51,-3,-40,12,-10,338,338,338,338,338,265,266,8.2229723881,9.4929689926,7.7289476049,8.7807555108,8.4529283359,14.108889466,12.420707093,11.952907343,9.8783499497,9.8462681715,-5.885917078,-2.927738101,-4.223959738,-1.097594439,-1.393339836,-0.086557604,-0.088719336,-0.089871484,-0.091466203,0,-33.9305808,-10.29144302,-4.313831221,-22.95801701,-5.387580698,-34.01713841,-10.38016236,-4.403702705,-23.04948322,-5.387580698
050,3,6,01,039,Alabama,Covington County,37765,37765,37796,38060,37818,37830,37888,37835,31,264,-242,12,58,-53,102,463,412,476,441,449,92,489,479,518,490,508,10,-26,-67,-42,-49,-59,0,7,2,2,2,2,22,254,-175,28,140,-12,22,261,-173,30,142,-10,-1,29,-2,24,-35,16,575,575,575,575,575,575,575,12.207340224,10.859537679,12.584602369,11.648485169,11.859012453,12.89284961,12.625530457,13.69500846,12.942761299,13.417323667,-0.685509386,-1.765992778,-1.110406091,-1.29427613,-1.558311213,0.1845602194,0.0527162023,0.0528764805,0.0528275971,0.0528241089,6.6968993883,-4.612667703,0.7402707276,3.6979317996,-0.316944654,6.8814596077,-4.559951501,0.7931472081,3.7507593967,-0.264120545
050,3,6,01,041,Alabama,Crenshaw County,13906,13906,13853,13896,13951,13932,13948,13963,-53,43,55,-19,16,15,37,166,149,145,131,138,24,164,167,162,173,184,13,2,-18,-17,-42,-46,9,13,16,19,23,23,-72,24,55,-26,43,48,-63,37,71,-7,66,71,-3,4,2,5,-8,-10,132,132,132,132,132,132,132,11.964395113,10.70133228,10.400602518,9.3974175036,9.8885743972,11.820245775,11.994110676,11.619983502,12.410329986,13.184765863,0.1441493387,-1.292778396,-1.219380985,-3.012912482,-3.296191466,0.9369707016,1.1491363522,1.3628375713,1.649928264,1.6480957329,1.7297920646,3.9501562107,-1.864935624,3.0846484935,3.4395041382,2.6667627662,5.0992925629,-0.502098053,4.7345767575,5.087599871
050,3,6,01,043,Alabama,Cullman County,80406,80410,80473,80469,80374,80756,81221,82005,63,-4,-95,382,465,784,249,996,926,952,977,960,228,910,965,961,979,964,21,86,-39,-9,-2,-4,9,30,31,38,41,41,34,-113,-82,328,412,646,43,-83,-51,366,453,687,-1,-7,-5,25,14,101,1056,1056,1052,1049,1043,1032,1032,12.377129649,11.514333854,11.816545646,12.063441106,11.762831902,11.308421667,11.9992788,11.928256687,12.08813597,11.811843701,1.0687079818,-0.484944946,-0.111711041,-0.024694864,-0.0490118,0.3728051099,0.3854690599,0.4716688388,0.5062447138,0.5023709458,-1.404232581,-1.019627836,4.0712468193,5.0871420016,7.9154056339,-1.031427471,-0.634158776,4.5429156582,5.5933867154,8.4177765797
050,3,6,01,045,Alabama,Dale County,50251,50251,50358,50109,50324,49833,49501,49565,107,-249,215,-491,-332,64,173,692,705,646,667,653,75,470,451,492,512,519,98,222,254,154,155,134,46,59,226,130,123,154,-28,-540,-265,-763,-595,-253,18,-481,-39,-633,-472,-99,-9,10,0,-12,-15,29,917,917,917,917,917,917,917,13.775667632,14.03921022,12.899747397,13.429440071,13.183130438,9.3563060507,8.981111786,9.8245754166,10.308655647,10.477863243,4.4193615814,5.0580984338,3.07517198,3.1207844243,2.7052671956,1.1745150149,4.5005127797,2.5959243987,2.4764934464,3.1090384188,-10.74979844,-5.277149941,-15.23607936,-11.97978537,-5.107705974,-9.575283426,-0.776637161,-12.64015496,-9.503291924,-1.998667555
050,3,6,01,047,Alabama,Dallas County,43820,43820,43803,43178,42777,42021,41662,41131,-17,-625,-401,-756,-359,-531,130,583,585,511,584,572,76,544,505,555,532,530,54,39,80,-44,52,42,3,-4,-3,-2,-1,-1,-73,-680,-486,-710,-391,-608,-70,-684,-489,-712,-392,-609,-1,20,8,0,-19,36,786,786,856,856,857,856,857,13.405226429,13.611773602,12.052171042,13.957434604,13.817593275,12.508478863,11.750334477,13.089931366,12.714649331,12.803014748,0.8967475656,1.8614391251,-1.037760325,1.242785273,1.0145785272,-0.091974109,-0.069803967,-0.047170924,-0.023899717,-0.024156632,-15.63559858,-11.30824269,-16.74567796,-9.344789264,-14.68723201,-15.72757269,-11.37804665,-16.79284889,-9.368688981,-14.71138864
050,3,6,01,049,Alabama,DeKalb County,71109,71115,71142,71387,70942,70869,71012,71130,27,245,-445,-73,143,118,232,903,869,796,839,833,151,782,710,783,755,749,81,121,159,13,84,84,22,77,46,51,66,66,-71,21,-662,-124,19,2,-49,98,-616,-73,85,68,-5,26,12,-13,-26,-34,782,782,782,782,782,782,782,12.671105529,12.211144602,11.226209532,11.826812611,11.720673693,10.973205453,9.9768845422,11.042866914,10.642721717,10.538757018,1.6979000765,2.2342600594,0.183342618,1.1840908931,1.1819166749,1.0804818668,0.6463897027,0.7192671937,0.9303571303,0.928648816,0.2946768728,-9.302390939,-1.74880651,0.267830083,0.0281408732,1.3751587396,-8.656001237,-1.029539316,1.1981872132,0.9567896892
050,3,6,01,051,Alabama,Elmore County,79303,79296,79465,80012,80432,80883,81022,81468,169,547,420,451,139,446,235,967,960,986,934,948,189,708,662,752,753,758,46,259,298,234,181,190,10,35,59,44,45,56,102,258,66,142,-122,168,112,293,125,186,-77,224,11,-5,-3,31,35,32,5483,5483,5484,5509,5444,5419,5413,12.127140591,11.966792152,12.224529647,11.537630092,11.668410364,8.8790233074,8.2521004213,9.3233735239,9.3017510268,9.3298049111,3.2481172834,3.7146917304,2.9011561231,2.2358790649,2.3386054526,0.438934768,0.735459101,0.545516536,0.5558815355,0.689273186,3.23557629,0.8227169604,1.7605306388,-1.507056607,2.0678195581,3.674511058,1.5581760614,2.3060471748,-0.951175072,2.7570927442
050,3,6,01,053,Alabama,Escambia County,38319,38319,38309,38213,38034,37857,37784,37789,-10,-96,-179,-177,-73,5,121,486,444,440,429,438,63,440,480,447,452,446,58,46,-36,-7,-23,-8,2,2,2,2,2,2,-61,-132,-147,-183,-45,45,-59,-130,-145,-181,-43,47,-9,-12,2,11,-7,-34,3199,3199,3272,3275,3198,3281,3282,12.702229424,11.646359857,11.595577868,11.343054693,11.591441388,11.499960796,12.590659305,11.780052971,11.951190492,11.803157212,1.2022686286,-0.944299448,-0.184475102,-0.608135799,-0.211715824,0.0522725491,0.0524610804,0.0527071721,0.0528813739,0.0529289561,-3.449988239,-3.855889412,-4.82270625,-1.189830912,1.1909015124,-3.39771569,-3.803428332,-4.769999078,-1.136949538,1.2438304686
050,3,6,01,055,Alabama,Etowah County,104430,104427,104442,104236,104235,103852,103452,103057,15,-206,-1,-383,-400,-395,260,1252,1155,1145,1182,1168,288,1355,1408,1347,1444,1449,-28,-103,-253,-202,-262,-281,11,40,40,43,51,51,40,-106,215,-201,-179,-215,51,-66,255,-158,-128,-164,-8,-37,-3,-23,-10,50,2085,2085,2085,2085,2084,2085,2085,11.999348278,11.080677888,11.005012327,11.403542623,11.311855658,12.986515109,13.507873997,12.946507951,13.931231428,14.033286685,-0.987166831,-2.427196109,-1.941495624,-2.527688805,-2.721431027,0.3833657597,0.3837464204,0.4132886725,0.4920310269,0.4939252042,-1.015919263,2.0626370095,-1.93188426,-1.726932428,-2.082233704,-0.632553503,2.4463834298,-1.518595587,-1.234901401,-1.5883085
050,3,6,01,057,Alabama,Fayette County,17241,17241,17231,17062,16960,16857,16842,16759,-10,-169,-102,-103,-15,-83,42,186,164,186,198,186,39,256,255,237,210,229,3,-70,-91,-51,-12,-43,0,-2,-1,-1,-1,-1,-10,-86,-11,-63,5,-47,-10,-88,-12,-64,4,-48,-3,-11,1,12,-7,8,291,291,291,291,291,291,291,10.847694865,9.6408206455,11.000384422,11.751090537,11.071099074,14.930160674,14.990300394,14.01661886,12.463277842,13.63054671,-4.082465809,-5.349479748,-3.016234438,-0.712187305,-2.559447635,-0.11664188,-0.058785492,-0.059141852,-0.059348942,-0.059522038,-5.015600851,-0.646640409,-3.725936659,0.2967447105,-2.797535788,-5.132242732,-0.705425901,-3.785078511,0.2373957684,-2.857057826
050,3,6,01,059,Alabama,Franklin County,31704,31709,31734,31729,31648,31507,31592,31696,25,-5,-81,-141,85,104,120,419,406,432,429,434,66,418,381,409,375,366,54,1,25,23,54,68,6,54,63,74,89,90,-30,-52,-173,-254,-40,-76,-24,2,-110,-180,49,14,-5,-8,4,16,-18,22,272,272,272,272,272,272,272,13.20454438,12.812218944,13.680627029,13.597679836,13.715080268,13.173029954,12.023289206,12.952260312,11.886083773,11.566173682,0.0315144257,0.7889297379,0.7283667168,1.7115960633,2.1489065858,1.7017789893,1.9881029396,2.343440741,2.8209638822,2.8441410694,-1.638750138,-5.459393786,-8.043702003,-1.267848936,-2.401719125,0.0630288515,-3.471290847,-5.700261262,1.5531149464,0.4424219441
050,3,6,01,061,Alabama,Geneva County,26790,26790,26795,26832,27006,26752,26707,26777,5,37,174,-254,-45,70,74,320,306,326,287,299,117,332,349,361,329,342,-43,-12,-43,-35,-42,-43,-1,-4,-2,-2,-2,-2,51,33,217,-191,10,84,50,29,215,-193,8,82,-2,20,2,-26,-11,31,229,229,229,229,229,229,229,11.934286833,11.36743564,12.128427397,10.737200471,11.180913918,12.381822589,12.964820387,13.430559173,12.308498101,12.788871438,-0.447535756,-1.597384747,-1.302131776,-1.57129763,-1.60795752,-0.149178585,-0.074296965,-0.07440753,-0.074823697,-0.074788722,1.2307233297,8.0612206991,-7.105919119,0.3741184833,3.1411263182,1.0815447443,7.9869237342,-7.180326649,0.2992947867,3.0663375963
050,3,6,01,063,Alabama,Greene County,9045,9045,9001,8910,8835,8706,8553,8479,-44,-91,-75,-129,-153,-74,38,105,105,105,101,99,37,107,101,134,73,88,1,-2,4,-29,28,11,0,0,0,0,0,0,-48,-90,-76,-88,-194,-75,-48,-90,-76,-88,-194,-75,3,1,-3,-12,13,-10,45,45,45,45,45,45,45,11.72463849,11.834319527,11.971951428,11.704038473,11.625176139,11.947964938,11.383488307,15.278490394,8.4593545397,10.333489901,-0.223326447,0.4508312201,-3.306538966,3.244683933,1.2916862377,0,0,0,0,0,-10.04969013,-8.565793181,-10.03363548,-22.48102439,-8.80695162,-10.04969013,-8.565793181,-10.03363548,-22.48102439,-8.80695162
050,3,6,01,065,Alabama,Hale County,15760,15760,15735,15364,15401,15316,15131,15068,-25,-371,37,-85,-185,-63,55,188,201,204,186,187,27,204,154,181,181,186,28,-16,47,23,5,1,8,10,5,5,5,5,-62,-376,-15,-119,-192,-65,-54,-366,-10,-114,-187,-60,1,11,0,6,-3,-4,334,334,334,315,273,221,221,12.090420914,13.066796685,13.282547124,12.217952508,12.384516044,13.119392907,10.011376564,11.785005046,11.889512924,12.318288685,-1.028971993,3.0554201203,1.4975420777,0.3284395835,0.0662273585,0.6431074954,0.3250446936,0.3255526256,0.3284395835,0.3311367926,-24.18084183,-0.975134081,-7.748152489,-12.61208001,-4.304778304,-23.53773433,-0.650089387,-7.422599863,-12.28364042,-3.973641511
050,3,6,01,067,Alabama,Henry County,17302,17302,17292,17407,17249,17206,17176,17221,-10,115,-158,-43,-30,45,40,188,184,169,168,167,59,229,233,211,188,201,-19,-41,-49,-42,-20,-34,3,13,7,7,9,9,6,128,-114,-19,-6,72,9,141,-107,-12,3,81,0,15,-2,11,-13,-2,199,199,199,199,199,199,199,10.836047148,10.618651893,9.8098969671,9.7725554069,9.7101491409,13.199227643,13.44644506,12.247859527,10.93595486,11.687065732,-2.363180495,-2.827793167,-2.43796256,-1.163399453,-1.976916592,0.7493011326,0.4039704524,0.4063270933,0.5235297539,0.5233014507,7.3777342287,-6.578947368,-1.102887825,-0.349019836,4.1864116057,8.1270353612,-6.174976916,-0.696560731,0.174509918,4.7097130564
050,3,6,01,069,Alabama,Houston County,101547,101547,101783,102422,103355,103610,104110,104173,236,639,933,255,500,63,323,1332,1338,1250,1227,1248,236,912,1003,1095,1114,1075,87,420,335,155,113,173,5,50,59,42,45,45,144,202,534,58,316,-141,149,252,593,100,361,-96,0,-33,5,0,26,-14,1416,1416,1416,1416,1418,1418,1417,13.045713866,13.004368807,12.079337086,11.813980358,11.983695261,8.9322004848,9.7484169757,10.581499287,10.725977277,10.322493915,4.1135133812,3.2559518314,1.4978377987,1.0880030811,1.6612013462,0.4897039739,0.5734362927,0.4058657261,0.4332755633,0.4321043964,1.9784040547,5.1900844118,0.5604812408,3.0425572887,-1.353927109,2.4681080287,5.7635207045,0.9663469669,3.4758328519,-0.921822712
050,3,6,01,071,Alabama,Jackson County,53227,53226,53179,53264,53064,52921,52631,52419,-47,85,-200,-143,-290,-212,144,573,600,557,570,549,131,647,693,692,643,645,13,-74,-93,-135,-73,-96,6,35,30,34,41,40,-66,111,-133,-40,-228,-172,-60,146,-103,-6,-187,-132,0,13,-4,-2,-30,16,597,597,597,597,597,597,597,10.766325639,11.285832518,10.510921357,10.800363802,10.452165635,12.156741167,13.035136559,13.058451668,12.183568289,12.27986673,-1.390415528,-1.74930404,-2.547530311,-1.383204487,-1.827701095,0.6576289657,0.5642916259,0.6416002264,0.7768682735,0.7615421228,2.0856232913,-2.501692875,-0.754823796,-4.320145521,-3.274631128,2.7432522571,-1.937401249,-0.113223569,-3.543277247,-2.513089005
050,3,6,01,073,Alabama,Jefferson County,658466,658350,658116,657779,657704,658913,660368,660367,-234,-337,-75,1209,1455,-1,2104,8831,9007,8843,8621,8639,1583,6902,6740,7061,6970,7033,521,1929,2267,1782,1651,1606,172,759,629,670,786,800,-952,-2723,-2955,-1096,-640,-2204,-780,-1964,-2326,-426,146,-1404,25,-302,-16,-147,-342,-203,15774,15776,15750,15792,16004,16006,16019,13.422043552,13.693829567,13.432911773,13.069239988,13.082109583,10.490198686,10.247186775,10.72597422,10.566361526,10.65013042,2.931844866,3.446642792,2.7069375528,2.5028784618,2.4319791631,1.1535874823,0.956302742,1.0177599104,1.191558129,1.2114466566,-4.138628082,-4.492646427,-1.664872928,-0.970225449,-3.337535539,-2.9850406,-3.536343685,-0.647113018,0.2213326805,-2.126088882
050,3,6,01,075,Alabama,Lamar County,14564,14564,14495,14292,14252,14187,14050,13886,-69,-203,-40,-65,-137,-164,33,140,141,143,132,128,73,199,173,198,211,195,-40,-59,-32,-55,-79,-67,0,2,1,1,1,1,-30,-144,-8,4,-66,-106,-30,-142,-7,5,-65,-105,1,-2,-1,-15,7,8,217,217,217,217,217,217,217,9.7266127071,9.8794843049,10.056612398,9.3494351383,9.1638029782,13.825685205,12.121636771,13.924540244,14.94493041,13.9604811,-4.099072498,-2.242152466,-3.867927846,-5.595495272,-4.796678121,0.1389516101,0.0700672646,0.0703259608,0.0708290541,0.0715922108,-10.00451593,-0.560538117,0.2813038433,-4.674717569,-7.588774341,-9.865564317,-0.490470852,0.3516298041,-4.603888515,-7.517182131
050,3,6,01,077,Alabama,Lauderdale County,92709,92709,92747,92618,92680,92729,93063,92596,38,-129,62,49,334,-467,239,950,893,943,935,958,228,1097,1023,1125,1090,1065,11,-147,-130,-182,-155,-107,16,49,37,39,45,44,14,6,152,181,475,-444,30,55,189,220,520,-400,-3,-37,3,11,-31,40,1891,1891,1863,2084,2043,2073,2073,10.250047204,9.6385282086,10.172105993,10.065018946,10.31999526,11.83610714,11.041673413,12.135333236,11.733551498,11.472646088,-1.586059936,-1.403145204,-1.963227244,-1.668532553,-1.152650828,0.5286866453,0.3993567119,0.4206915522,0.4844126765,0.4739872562,0.0647371402,1.6406005461,1.9524402807,5.113244919,-4.782962313,0.5934237855,2.039957258,2.3731318329,5.5976575956,-4.308975056
050,3,6,01,079,Alabama,Lawrence County,34339,34339,34305,34045,33776,33567,33426,33115,-34,-260,-269,-209,-141,-311,78,344,374,372,333,339,60,421,388,391,392,387,18,-77,-14,-19,-59,-48,1,1,4,4,4,4,-42,-189,-264,-205,-62,-253,-41,-188,-260,-201,-58,-249,-11,5,5,11,-24,-14,229,229,229,229,229,229,229,10.065837601,11.029032306,11.047918863,9.9413371546,10.189206655,12.318946598,11.441883782,11.612194289,11.702715209,11.631926181,-2.253108998,-0.412851477,-0.564275426,-1.761378054,-1.442719526,0.0292611558,0.1179575648,0.1187948265,0.1194154613,0.1202266272,-5.530358449,-7.785199275,-6.088234857,-1.85093965,-7.60433417,-5.501097293,-7.66724171,-5.969440031,-1.731524189,-7.484107543
050,3,6,01,081,Alabama,Lee County,140247,140296,140782,144087,147899,151506,154426,156993,486,3305,3812,3607,2920,2567,413,1631,1661,1830,1860,1900,238,804,881,1039,1028,989,175,827,780,791,832,911,133,510,550,538,584,604,173,1920,2420,2231,1407,974,306,2430,2970,2769,1991,1578,5,48,62,47,97,78,4410,4410,4311,4207,4551,4940,4940,11.450877421,11.377257814,12.224244752,12.159564871,12.202209884,5.6446998445,6.0345359024,6.9404318565,6.7204476812,6.3515713556,5.8061775764,5.3427219113,5.2838128956,5.4391171894,5.8506385288,3.5805931849,3.7673039118,3.5937943588,3.8178418734,3.8790183001,13.479880226,16.576137212,14.902890733,9.1981224586,6.2552381197,17.060473411,20.343441124,18.496685092,13.015964332,10.13425642
050,3,6,01,083,Alabama,Limestone County,82782,82782,83163,85557,87321,88870,90612,91663,381,2394,1764,1549,1742,1051,223,1011,1002,976,993,1015,158,685,716,672,715,744,65,326,286,304,278,271,19,76,57,69,86,89,282,1903,1410,1131,1344,622,301,1979,1467,1200,1430,711,15,89,11,45,34,69,2907,2907,2955,2759,2906,2799,2801,11.984352774,11.591989727,11.078885982,11.065176452,11.137018242,8.1199620673,8.2832980483,7.62808543,7.9673727728,8.1634892333,3.8643907065,3.3086916785,3.4508005517,3.0978036795,2.9735290084,0.9009009009,0.6594245653,0.7832409147,0.9583133685,0.9765464271,22.5580844,16.312081352,12.83834021,14.976432177,6.8248525579,23.458985301,16.971505917,13.621581125,15.934745546,7.8013989851
050,3,6,01,085,Alabama,Lowndes County,11299,11299,11275,11119,10852,10725,10555,10458,-24,-156,-267,-127,-170,-97,37,148,148,140,117,118,18,155,114,141,123,146,19,-7,34,-1,-6,-28,0,1,1,1,2,2,-42,-152,-312,-124,-171,-82,-42,-151,-311,-123,-169,-80,-1,2,10,-3,5,11,96,96,96,96,96,96,96,13.217826203,13.472304401,12.976780831,10.996240602,11.231142626,13.842993659,10.377315552,13.069472123,11.560150376,13.89615952,-0.625167456,3.0949888489,-0.092691292,-0.563909774,-2.665016894,0.0893096365,0.0910290838,0.0926912917,0.1879699248,0.1903583496,-13.57506475,-28.40107414,-11.49372016,-16.07142857,-7.804692333,-13.48575511,-28.31004506,-11.40102887,-15.88345865,-7.614333984
050,3,6,01,087,Alabama,Macon County,21452,21448,21545,21269,20479,19852,19387,19105,97,-276,-790,-627,-465,-282,65,216,210,177,189,194,40,237,222,224,261,263,25,-21,-12,-47,-72,-69,-2,-6,-1,-1,0,0,73,-251,-801,-573,-405,-204,71,-257,-802,-574,-405,-204,1,2,24,-6,12,-9,1772,1776,1851,1730,1819,1730,1740,10.090157425,10.060362173,8.7773672857,9.6332730192,10.080016627,11.071144953,10.635240011,11.108080633,13.303091312,13.66517718,-0.980987527,-0.574877838,-2.330713347,-3.669818293,-3.585160553,-0.280282151,-0.047906487,-0.049589646,0,0,-11.72513664,-38.37309572,-28.41486698,-20.6427279,-10.59960511,-12.00541879,-38.4210022,-28.46445662,-20.6427279,-10.59960511
050,3,6,01,089,Alabama,Madison County,334811,334811,336138,339574,342696,346720,350112,353089,1327,3436,3122,4024,3392,2977,964,4249,4034,4002,4128,4185,602,2716,2575,2890,2787,2900,362,1533,1459,1112,1341,1285,140,530,492,500,582,598,780,1409,1173,2195,1416,872,920,1939,1665,2695,1998,1470,45,-36,-2,217,53,222,8042,8051,7577,7535,7670,7770,7793,12.576363895,11.825230481,11.609826288,11.847905952,11.902713449,8.0389278272,7.5483313058,8.3839075391,7.9990585966,8.247997372,4.5374360674,4.2768991748,3.2259187486,3.8488473549,3.6547160769,1.5687156658,1.4422442728,1.4505030345,1.6704169728,1.7007939409,4.1704157984,3.4385214065,6.3677083212,4.0641072741,2.4800874857,5.7391314643,4.8807656793,7.8182113557,5.7345242469,4.1808814265
050,3,6,01,091,Alabama,Marengo County,21027,21029,20942,20708,20449,20210,20136,20028,-87,-234,-259,-239,-74,-108,48,233,251,234,260,257,100,247,225,269,250,252,-52,-14,26,-35,10,5,1,19,23,24,28,28,-37,-260,-317,-230,-97,-167,-36,-241,-294,-206,-69,-139,1,21,9,2,-15,26,254,254,254,254,254,254,254,11.18847539,12.197196103,11.510366708,12.888514351,12.797530126,11.860744298,10.933741526,13.232002755,12.39280226,12.548550941,-0.672268908,1.2634545764,-1.721636046,0.4957120904,0.2489791853,0.912364946,1.117671356,1.1805504316,1.3879938532,1.3942834379,-12.484994,-15.40442695,-11.3136083,-4.808407277,-8.31590479,-11.57262905,-14.28675559,-10.13305787,-3.420413424,-6.921621352
050,3,6,01,093,Alabama,Marion County,30776,30777,30800,30727,30515,30278,30246,30168,23,-73,-212,-237,-32,-78,74,291,325,304,305,301,77,427,412,418,372,385,-3,-136,-87,-114,-67,-84,2,20,13,14,15,15,27,27,-131,-154,43,-1,29,47,-118,-140,58,14,-3,16,-7,17,-23,-8,868,868,868,863,868,868,868,9.4592617875,10.613631168,10.001151448,10.078646487,9.9645777469,13.880085166,13.454818589,13.751583241,12.29264424,12.745390141,-4.420823378,-2.84118742,-3.750431793,-2.213997753,-2.780812394,0.6501210851,0.4245452467,0.460579343,0.4956711387,0.4965736419,0.8776634648,-4.278109794,-5.066372773,1.420923931,-0.033104909,1.5277845499,-3.853564547,-4.60579343,1.9165950697,0.4634687324
050,3,6,01,095,Alabama,Marshall County,93019,93019,93146,93906,94228,94377,94356,94725,127,760,322,149,-21,369,323,1309,1290,1211,1226,1214,269,1015,1055,1103,1124,1086,54,294,235,108,102,128,29,132,68,84,103,105,41,359,27,-98,-212,40,70,491,95,-14,-109,145,3,-25,-8,55,-14,96,1047,1047,1035,1062,1059,1065,1066,13.996108034,13.713629647,12.841653191,12.991898608,12.841057536,10.852597139,11.215410293,11.696402534,11.911006554,11.487140432,3.1435108954,2.4982193543,1.1452506561,1.0808920539,1.3539171043,1.4113722387,0.7228890046,0.8907505103,1.0914890348,1.1106351246,3.8385048008,0.2870294577,-1.039208929,-2.246559955,0.4230990951,5.2498770395,1.0099184624,-0.148458418,-1.15507092,1.5337342197
050,3,6,01,097,Alabama,Mobile County,412992,413143,413332,413062,413750,414121,414926,415395,189,-270,688,371,805,469,1346,5606,5679,5391,5655,5585,952,4131,4051,4380,4321,4343,394,1475,1628,1011,1334,1242,155,616,596,591,643,658,-359,-2166,-1539,-1317,-958,-1608,-204,-1550,-943,-726,-315,-950,-1,-195,3,86,-214,177,6949,6949,7196,7111,7311,7503,7507,13.567378272,13.737101058,13.023768196,13.642169865,13.452628562,9.9976524515,9.7990837095,10.58135869,10.424016974,10.461014475,3.5697258209,3.9380173486,2.4424095058,3.2181528912,2.9916140866,1.4908143089,1.4416820269,1.4277586725,1.5511786425,1.5849292021,-5.242051612,-3.722732616,-3.181655113,-2.311087309,-3.873200846,-3.751237303,-2.281050589,-1.75389644,-0.759908666,-2.288271644
050,3,6,01,099,Alabama,Monroe County,23068,23070,22982,22776,22585,22154,21897,21673,-88,-206,-191,-431,-257,-224,56,257,246,227,201,197,37,263,288,264,226,253,19,-6,-42,-37,-25,-56,0,0,0,0,0,0,-104,-199,-150,-389,-235,-130,-104,-199,-150,-389,-235,-130,-3,-1,1,-5,3,-38,230,230,230,230,230,230,230,11.233008436,10.84632173,10.147745815,9.1257860207,9.04291944,11.49525766,12.698132757,11.801783679,10.260834033,11.613495524,-0.262249224,-1.851811027,-1.654037864,-1.135048013,-2.570576084,0,0,0,0,0,-8.697932602,-6.613610811,-17.38974944,-10.66945132,-5.967408768,-8.697932602,-6.613610811,-17.38974944,-10.66945132,-5.967408768
050,3,6,01,101,Alabama,Montgomery County,229363,229363,229723,231496,229286,227000,226389,226519,360,1773,-2210,-2286,-611,130,711,3147,3117,3093,3168,3099,458,1913,1951,2085,2158,2097,253,1234,1166,1008,1010,1002,113,380,460,426,482,503,5,183,-3929,-3731,-2020,-1318,118,563,-3469,-3305,-1538,-815,-11,-24,93,11,-83,-57,9082,9089,8693,8607,8930,9251,9246,13.646445615,13.529174317,13.557286439,13.974754571,13.684898478,8.2954084719,8.468212734,9.1390049224,9.5194193066,9.260158796,5.3510371429,5.0609615827,4.4182815164,4.455335264,4.4247396822,1.6478072239,1.9966057702,1.8672499266,2.1262095022,2.2212016568,0.7935492684,-17.05361755,-16.35377811,-8.910670528,-5.820166568,2.4413564923,-15.05701178,-14.48652819,-6.784461026,-3.598964911
050,3,6,01,103,Alabama,Morgan County,119490,119486,119603,119945,120112,119654,119656,119565,117,342,167,-458,2,-91,384,1504,1395,1393,1411,1406,295,1238,1222,1231,1234,1199,89,266,173,162,177,207,21,126,77,99,115,116,10,-7,-74,-733,-239,-439,31,119,3,-634,-124,-323,-3,-43,-9,14,-51,25,2133,2133,2133,2120,2118,2129,2127,12.556982317,11.622239718,11.619662504,11.792236012,11.754820856,10.336133051,10.180915366,10.26834497,10.31298316,10.024203561,2.2208492661,1.4413243521,1.3513175346,1.4792528519,1.7306172953,1.0519812313,0.641514307,0.82580516,0.9610964857,0.969814523,-0.058443402,-0.616520243,-6.114294771,-1.997409218,-3.670246341,0.9935378296,0.0249940639,-5.288489611,-1.036312732,-2.700431818
050,3,6,01,105,Alabama,Perry County,10591,10581,10540,10510,10180,9993,9855,9652,-41,-30,-330,-187,-138,-203,32,134,125,119,84,89,18,145,143,148,120,134,14,-11,-18,-29,-36,-45,0,4,2,3,2,2,-51,-45,-315,-140,-113,-157,-51,-41,-313,-137,-111,-155,-4,22,1,-21,9,-3,721,721,749,767,764,789,790,12.731591449,12.083131948,11.797947752,8.4643288996,9.1249295125,13.77672209,13.823102948,14.673077876,12.091898428,13.738657918,-1.045130641,-1.739971,-2.875130124,-3.627569528,-4.613728405,0.3800475059,0.1933301112,0.2974272543,0.2015316405,0.2050545958,-4.275534442,-30.44949251,-13.87993853,-11.38653769,-16.09678577,-3.895486936,-30.2561624,-13.58251128,-11.18500605,-15.89173117
050,3,6,01,107,Alabama,Pickens County,19746,19746,19716,19359,19355,19365,20339,20864,-30,-357,-4,10,974,525,53,220,223,197,230,227,31,265,238,260,240,245,22,-45,-15,-63,-10,-18,-1,0,0,0,0,0,-43,-328,14,58,942,512,-44,-328,14,58,942,512,-8,16,-3,15,42,31,334,334,334,334,503,1664,2197,11.260396673,11.520380224,10.175619835,11.585734435,11.018615149,13.563659629,12.295293692,13.429752066,12.089462019,11.892337937,-2.303262956,-0.774913468,-3.254132231,-0.503727584,-0.873722787,0,0,0,0,0,-16.78822777,0.7232525701,2.9958677686,47.451138424,24.85255928,-16.78822777,0.7232525701,2.9958677686,47.451138424,24.85255928
050,3,6,01,109,Alabama,Pike County,32899,32899,32957,32903,33105,33630,33090,33046,58,-54,202,525,-540,-44,93,390,412,350,374,368,79,325,312,346,328,337,14,65,100,4,46,31,33,85,95,104,120,120,14,-208,11,390,-716,-208,47,-123,106,494,-596,-88,-3,4,-4,27,10,13,1963,1963,1846,1756,2128,1835,1840,11.843303978,12.483335353,10.48924852,11.211031175,11.128583525,9.8694199818,9.4533995879,10.369371394,9.8321342926,10.191121326,1.9738839964,3.0299357654,0.1198771259,1.3788968825,0.9374621991,2.5812329183,2.8784389771,3.1168052746,3.5971223022,3.628885932,-6.316428788,0.3332929342,11.68801978,-21.46282974,-6.290068949,-3.73519587,3.2117319113,14.804825054,-17.86570743,-2.661183017
050,3,6,01,111,Alabama,Randolph County,22913,22914,22891,22802,22628,22630,22486,22696,-23,-89,-174,2,-144,210,42,221,241,268,231,239,49,300,255,281,264,265,-7,-79,-14,-13,-33,-26,-1,-4,-6,-5,-5,-5,-6,-51,-156,23,-119,225,-7,-55,-162,18,-124,220,-9,45,2,-3,13,16,407,407,407,407,407,407,407,9.6732541089,10.609729254,11.84321004,10.240269527,10.579434288,13.131114175,11.226062074,12.417694109,11.703165174,11.730335089,-3.457860066,-0.61633282,-0.574484069,-1.462895647,-1.150900801,-0.175081522,-0.264142637,-0.220955411,-0.221650856,-0.221327077,-2.23228941,-6.867708563,1.0163948915,-5.275290363,9.959718472,-2.407370932,-7.1318512,0.7954394803,-5.496941218,9.7383913948
050,3,6,01,113,Alabama,Russell County,52947,52951,53297,54869,57771,59497,59712,59660,346,1572,2902,1726,215,-52,191,800,902,866,897,900,93,572,574,521,590,623,98,228,328,345,307,277,12,6,112,45,37,62,222,1304,2399,1337,-103,-372,234,1310,2511,1382,-66,-310,14,34,63,-1,-26,-19,574,574,574,574,574,574,574,14.792078842,16.015625,14.769587611,15.049199305,15.078912978,10.576336372,10.191761364,8.8856294982,9.8985814829,10.43795865,4.2157424699,5.8238636364,5.883958113,5.1506178225,4.6409543276,0.1109405913,1.9886363636,0.7674727974,0.6207584998,1.0387695607,24.111088512,42.595880682,22.802469557,-1.728057445,-6.232617364,24.222029103,44.584517045,23.569942354,-1.107298946,-5.193847804
050,3,6,01,115,Alabama,St. Clair County,83593,83593,83812,84317,85160,86210,86561,87074,219,505,843,1050,351,513,278,1101,1059,1047,988,1000,193,826,803,892,857,878,85,275,256,155,131,122,16,50,39,43,49,49,115,126,563,815,134,271,131,176,602,858,183,320,3,54,-15,37,37,71,1967,1967,1932,1924,1891,1883,1883,13.097086166,12.497271016,12.219174885,11.437104607,11.518415066,9.8257885314,9.4762121114,10.410223493,9.9206464048,10.113168428,3.2712976346,3.0210589047,1.8089513917,1.5164582019,1.4052466381,0.5947813881,0.4602394425,0.501838128,0.5672248236,0.5644023382,1.498849098,6.6439693882,9.5115831242,1.5511862523,3.1214904829,2.0936304861,7.1042088307,10.013421252,2.1184110759,3.6858928211
050,3,6,01,117,Alabama,Shelby County,195085,195218,196048,197985,200830,203925,206199,208713,830,1937,2845,3095,2274,2514,631,2478,2379,2404,2333,2331,316,1260,1285,1347,1386,1422,315,1218,1094,1057,947,909,83,317,194,221,271,274,428,287,1552,1782,1033,1242,511,604,1746,2003,1304,1516,4,115,5,35,23,89,2574,2574,2620,2665,2654,2632,2634,12.577626747,11.930343643,11.878790873,11.377046942,11.236117538,6.3954034307,6.4440906185,6.6558782473,6.7589314451,6.8544655252,6.1822233163,5.4862530246,5.2229126262,4.6181154968,4.381652013,1.6090022917,0.9728821634,1.0920186286,1.3215515308,1.3207619929,1.4567307814,7.7830573073,8.8053266791,5.0375008534,5.9868116613,3.0657330731,8.7559394707,9.8973453077,6.3590523842,7.3075736542
050,3,6,01,119,Alabama,Sumter County,13763,13763,13740,13508,13451,13402,13243,13103,-23,-232,-57,-49,-159,-140,27,129,126,136,147,142,57,160,154,152,164,147,-30,-31,-28,-16,-17,-5,0,17,24,26,29,28,10,-223,-54,-67,-175,-171,10,-206,-30,-41,-146,-143,-3,5,1,8,4,8,718,718,807,874,855,839,840,9.4685848503,9.3475277273,10.129222061,11.033965097,10.779624991,11.74398121,11.424756111,11.320895244,12.310001877,11.159189251,-2.275396359,-2.077228384,-1.191673184,-1.27603678,-0.37956426,1.2477980035,1.7804814719,1.9364689234,2.1767686245,2.1255598573,-16.36817381,-4.006083312,-4.990131456,-13.13567273,-12.9810977,-15.12037581,-2.22560184,-3.053662533,-10.95890411,-10.85553784
050,3,6,01,121,Alabama,Talladega County,82291,82291,82071,81821,81931,81314,81258,80862,-220,-250,110,-617,-56,-396,202,854,896,875,869,868,198,928,946,1013,1044,1015,4,-74,-50,-138,-175,-147,-2,36,41,46,56,56,-219,-190,128,-487,100,-343,-221,-154,169,-441,156,-287,-3,-22,-9,-38,-37,38,3143,3144,3161,3277,3018,3039,2949,10.421497083,10.943377791,10.72008331,10.690647836,10.708117444,11.324530789,11.554057355,12.410793592,12.843540093,12.521588946,-0.903033705,-0.610679564,-1.690710282,-2.152892257,-1.813471503,0.4393136944,0.5007572427,0.563570094,0.6889255222,0.6908462867,-2.318600054,1.5633396844,-5.966492082,1.2302241468,-4.231433506,-1.879286359,2.0640969271,-5.402921988,1.9191496691,-3.540587219
050,3,6,01,123,Alabama,Tallapoosa County,41616,41618,41502,41453,41163,41191,41112,40844,-116,-49,-290,28,-79,-268,128,467,498,446,470,472,162,506,528,526,541,529,-34,-39,-30,-80,-71,-57,6,17,12,13,17,19,-90,-14,-277,73,-8,-245,-84,3,-265,86,9,-226,2,-13,5,22,-17,15,576,576,576,576,576,576,576,11.259116388,12.055776121,10.831289312,11.421211863,11.518375714,12.199385209,12.782027694,12.774121476,13.146543868,12.909366001,-0.94026882,-0.726251574,-1.942832164,-1.725332005,-1.390990287,0.4098607679,0.2905006294,0.3157102266,0.4131076631,0.4636634292,-0.337532397,-6.705722862,1.7728343493,-0.194403606,-5.978817902,0.0723283708,-6.415222233,2.0885445759,0.218704057,-5.515154473
050,3,6,01,125,Alabama,Tuscaloosa County,194656,194653,194977,196638,198543,200615,202519,203976,324,1661,1905,2072,1904,1457,560,2405,2450,2399,2444,2463,322,1724,1588,1654,1698,1727,238,681,862,745,746,736,64,259,187,214,256,259,26,780,841,1050,965,383,90,1039,1028,1264,1221,642,-4,-59,15,63,-63,79,10423,10426,10150,10353,10364,10840,10847,12.282471305,12.399381549,12.020302737,12.12500062,12.118230237,8.8045657087,8.0368236327,8.2874450719,8.4239979759,8.4970294838,3.4779055961,4.3625579165,3.7328576654,3.7010026443,3.6212007528,1.322727679,0.9464017754,1.0722571012,1.2700491648,1.2743084171,3.9835042069,4.2562775032,5.261074562,4.7874900157,1.8844020222,5.3062318859,5.2026792786,6.3333316632,6.0575391805,3.1587104392
050,3,6,01,127,Alabama,Walker County,67023,67023,67004,66641,66184,65929,65567,65294,-19,-363,-457,-255,-362,-273,218,814,826,753,774,762,243,910,1027,1035,920,918,-25,-96,-201,-282,-146,-156,6,33,31,32,40,41,2,-306,-288,-44,-217,-202,8,-273,-257,-12,-177,-161,-2,6,1,39,-39,44,866,866,850,850,851,851,851,12.181525684,12.437417655,11.39933239,11.772221208,11.645944934,13.618167533,15.463956334,15.668405077,13.992821074,14.030154133,-1.43664185,-3.026538679,-4.269072688,-2.220599866,-2.384209199,0.4938456358,0.4667795972,0.4844337802,0.608383525,0.6266190844,-4.579295896,-4.336533032,-0.666096448,-3.300480623,-3.087245245,-4.08545026,-3.869753435,-0.181662668,-2.692097098,-2.460626161
050,3,6,01,129,Alabama,Washington County,17581,17583,17610,17336,17115,16869,16863,16804,27,-274,-221,-246,-6,-59,41,169,165,159,139,147,25,200,183,231,180,202,16,-31,-18,-72,-41,-55,1,15,17,18,19,18,13,-257,-225,-190,18,-16,14,-242,-208,-172,37,2,-3,-1,5,-2,-2,-6,147,147,147,147,147,147,147,9.6720654724,9.5788220951,9.3573446328,8.2414324677,8.7325868061,11.446231328,10.623784506,13.594632768,10.672358591,11.999881189,-1.774165856,-1.04496241,-4.237288136,-2.430926124,-3.267294383,0.8584673496,0.9869089431,1.0593220339,1.1265267402,1.0692963436,-14.70840726,-13.06203013,-11.18173258,1.0672358591,-0.950485639,-13.84993991,-12.07512119,-10.12241055,2.1937625993,0.1188107048
050,3,6,01,131,Alabama,Wilcox County,11670,11665,11557,11488,11365,11210,11052,11059,-108,-69,-123,-155,-158,7,21,142,136,139,131,130,63,141,143,150,133,126,-42,1,-7,-11,-2,4,0,0,0,0,0,0,-69,-81,-117,-139,-154,1,-69,-81,-117,-139,-154,1,3,11,1,-5,-2,2,108,108,108,108,108,108,108,12.323714472,11.902157266,12.314507198,11.768933609,11.75885306,12.23692775,12.514768302,13.289036545,11.948611985,11.397042196,0.0867867216,-0.612611036,-0.974529347,-0.179678376,0.3618108634,0,0,0,0,0,-7.029724452,-10.23935588,-12.3145072,-13.83523493,0.0904527158,-7.029724452,-10.23935588,-12.3145072,-13.83523493,0.0904527158
050,3,6,01,133,Alabama,Winston County,24484,24483,24401,24340,24176,24154,24101,23877,-82,-61,-164,-22,-53,-224,59,252,229,250,242,250,61,315,298,319,312,310,-2,-63,-69,-69,-70,-60,0,0,-1,-1,-1,-1,-82,10,-95,59,26,-160,-82,10,-96,58,25,-161,2,-8,1,-11,-8,-3,301,301,301,301,301,301,301,10.34037053,9.4401846813,10.345541072,10.0300487,10.421443161,12.925463162,12.28460714,13.200910408,12.931302456,12.92258952,-2.585092632,-2.844422459,-2.855369336,-2.901253756,-2.501146359,0,-0.041223514,-0.041382164,-0.041446482,-0.041685773,0.4103321639,-3.91623382,2.4415476929,1.077608538,-6.669723623,0.4103321639,-3.957457334,2.4001655287,1.0361620557,-6.711409396
040,4,9,02,000,Alaska,Alaska,710231,710249,714021,722720,731228,737442,737046,738432,3772,8699,8508,6214,-396,1386,2892,11711,11126,11348,11462,11498,918,3928,3934,4040,4172,4282,1974,7783,7192,7308,7290,7216,568,1512,2737,2319,2335,2601,1191,-843,-1415,-2875,-10645,-7678,1759,669,1322,-556,-8310,-5077,39,247,-6,-538,624,-753,26366,26364,25523,26997,28319,27967,27941,16.302172765,15.304536338,15.453437464,15.547091601,15.58545773,5.4679305456,5.4114727624,5.5015762561,5.6589134669,5.8042207339,10.834242219,9.8930635759,9.9518612078,9.8881781337,9.7812369957,2.104763489,3.7649214415,3.157959242,3.1672010895,3.5256371156,-1.173489167,-1.946424494,-3.915106865,-14.43891032,-10.40747473,0.9312743215,1.8184969476,-0.757147623,-11.27170923,-6.881837615
050,4,9,02,013,Alaska,Aleutians East Borough,3141,3141,3169,3254,3292,3314,3317,3341,28,85,38,22,3,24,2,22,15,15,14,14,1,6,4,7,5,7,1,16,11,8,9,7,20,80,67,76,79,79,8,-18,-40,-57,-92,-54,28,62,27,19,-13,25,-1,7,0,-5,7,-8,1726,1726,1726,1726,1726,1726,1726,6.8503814417,4.5829514207,4.5413260672,4.2225908611,4.2054671072,1.8682858477,1.2221203789,2.119285498,1.5080681647,2.1027335536,4.982095594,3.3608310419,2.4220405692,2.7145226964,2.1027335536,24.91047797,20.470516346,23.009385407,23.827477002,23.730850105,-5.604857543,-12.22120379,-17.25703906,-27.74845423,-16.22108741,19.305620427,8.2493125573,5.7523463518,-3.920977228,7.5097626915
050,4,9,02,016,Alaska,Aleutians West Census Area,5561,5561,5546,5588,5678,5699,5751,5702,-15,42,90,21,52,-49,4,27,31,39,34,27,0,5,15,16,9,5,4,22,16,23,25,22,9,71,75,79,92,91,-28,-64,0,-78,-64,-153,-19,7,75,1,28,-62,0,13,-1,-3,-1,-9,2543,2543,2522,2525,2523,2517,2515,4.8500089815,5.503284218,6.8559374176,5.9388646288,4.7149218545,0.8981498114,2.6628794603,2.8126922739,1.5720524017,0.8731336768,3.9518591701,2.8404047577,4.0432451437,4.3668122271,3.8417881778,12.753727322,13.314397302,13.887668102,16.069868996,15.891032917,-11.49631759,0,-13.71187484,-11.1790393,-26.71789051,1.2574097359,13.314397302,0.1757932671,4.8908296943,-10.82685759
050,4,9,02,020,Alaska,Anchorage Municipality,291826,291826,293405,296333,298613,301537,300357,298695,1579,2928,2280,2924,-1180,-1662,1162,4783,4591,4698,4810,4796,317,1497,1507,1578,1754,1700,845,3286,3084,3120,3056,3096,330,831,1461,1205,1236,1348,392,-1117,-2250,-1189,-5687,-5925,722,-286,-789,16,-4451,-4577,12,-72,-15,-212,215,-181,8450,8450,8685,8699,8905,8197,8190,16.22076244,15.433333445,15.656085979,15.982880707,16.011965572,5.0768307282,5.0660059905,5.2586853287,5.8282687649,5.6756341687,11.143931712,10.367327455,10.39740065,10.154611942,10.336331404,2.8182006247,4.9113701075,4.015662751,4.1070354581,4.5004440349,-3.788122861,-7.563711665,-3.962342748,-18.89701509,-19.78125438,-0.969922237,-2.652341557,0.0533200033,-14.78997963,-15.28081035
050,4,9,02,050,Alaska,Bethel Census Area,17013,17013,17080,17459,17691,17862,17923,17946,67,379,232,171,61,23,116,467,420,445,415,428,31,108,122,95,131,140,85,359,298,350,284,288,1,2,11,12,13,13,-17,1,-69,-173,-242,-259,-16,3,-58,-161,-229,-246,-2,17,-8,-18,6,-19,338,338,348,343,363,353,353,27.04189467,23.897581792,25.03304925,23.19407573,23.864618473,6.2538000521,6.9416785206,5.3441341096,7.3215034232,7.8061836126,20.788094618,16.955903272,19.688915141,15.872572307,16.05843486,0.1158111121,0.6258890469,0.6750485191,0.7265614084,0.7248599069,0.057905556,-3.926031294,-9.731949484,-13.52522006,-14.44143968,0.1737166681,-3.300142248,-9.056900965,-12.79865866,-13.71657978
050,4,9,02,060,Alaska,Bristol Bay Borough,997,997,1002,1038,984,954,946,892,5,36,-54,-30,-8,-54,3,17,8,14,7,8,3,8,10,7,6,5,0,9,-2,7,1,3,0,0,0,0,0,0,5,24,-55,-32,-14,-51,5,24,-55,-32,-14,-51,0,3,3,-5,5,-6,16,16,16,16,16,16,16,16.666666667,7.9129574679,14.447884417,7.3684210526,8.7051142546,7.8431372549,9.8911968348,7.2239422085,6.3157894737,5.4406964091,8.8235294118,-1.978239367,7.2239422085,1.0526315789,3.2644178455,0,0,0,0,0,23.529411765,-54.40158259,-33.02373581,-14.73684211,-55.49510337,23.529411765,-54.40158259,-33.02373581,-14.73684211,-55.49510337
050,4,9,02,068,Alaska,Denali Borough,1826,1826,1837,1873,1904,1934,1903,1919,11,36,31,30,-31,16,9,19,21,25,14,25,3,5,7,8,11,6,6,14,14,17,3,19,4,21,12,13,16,16,1,-5,5,0,-56,-11,5,16,17,13,-40,5,0,6,0,0,6,-8,36,36,42,42,51,43,43,10.242587601,11.119936458,13.027618551,7.2973677352,13.082155939,2.6954177898,3.7066454858,4.1688379364,5.7336460777,3.1397174254,7.5471698113,7.4132909717,8.8587806149,1.5637216575,9.9424385139,11.320754717,6.3542494043,6.7743616467,8.3398488402,8.3725798012,-2.69541779,2.6476039185,0,-29.18947094,-5.756148613,8.6253369272,9.0018533227,6.7743616467,-20.8496221,2.6164311879
050,4,9,02,070,Alaska,Dillingham Census Area,4847,4847,4856,4957,4957,4991,4994,4997,9,101,0,34,3,3,19,110,103,107,96,100,17,37,40,26,41,35,2,73,63,81,55,65,0,0,1,1,1,1,7,26,-64,-43,-56,-56,7,26,-63,-42,-55,-55,0,2,0,-5,3,-7,52,52,52,52,52,52,52,22.419239784,20.778696792,21.511861681,19.228843265,20.018016215,7.5410170182,8.0693968126,5.227181343,8.2123184777,7.0063056751,14.878222766,12.70929998,16.284680338,11.016524787,13.011710539,0,0.2017349203,0.2010454363,0.2003004507,0.2001801621,5.2990930398,-12.9110349,-8.64495376,-11.21682524,-11.21008908,5.2990930398,-12.70929998,-8.443908323,-11.01652479,-11.00990892
050,4,9,02,090,Alaska,Fairbanks North Star Borough,97581,97581,98289,98146,100370,101007,99371,99631,708,-143,2224,637,-1636,260,482,1778,1600,1713,1689,1707,118,448,450,470,462,463,364,1330,1150,1243,1227,1244,115,152,515,425,362,485,214,-1703,539,-921,-3350,-1379,329,-1551,1054,-496,-2988,-894,15,78,20,-110,125,-90,4313,4313,3227,4720,5094,4785,4777,18.102680276,16.119607488,17.012866415,16.858138119,17.155606476,4.5613052664,4.5336396059,4.6678617717,4.611284672,4.6532195656,13.54137501,11.585967882,12.345004643,12.246853447,12.502386911,1.5475857154,5.1884986601,4.2209388361,3.6131711066,4.8743228711,-17.3390689,5.4302927724,-9.147022748,-33.43680444,-13.85915719,-15.79148319,10.618791432,-4.926083912,-29.82363333,-8.984834323
050,4,9,02,100,Alaska,Haines Borough,2508,2508,2501,2569,2570,2563,2566,2534,-7,68,1,-7,3,-32,2,29,23,13,19,16,10,15,24,20,13,11,-8,14,-1,-7,6,5,2,14,16,16,19,19,0,37,-13,-9,-34,-42,2,51,3,7,-15,-23,-1,3,-1,-7,12,-14,0,0,0,0,0,0,0,11.439842209,8.9511578128,5.0652639782,7.408851628,6.2745098039,5.9171597633,9.3403385873,7.7927138126,5.0692142718,4.3137254902,5.5226824458,-0.389180774,-2.727449834,2.3396373562,1.9607843137,5.5226824458,6.2268923915,6.2341710501,7.408851628,7.4509803922,14.59566075,-5.059350068,-3.506721216,-13.25794502,-16.47058824,20.118343195,1.1675423234,2.7274498344,-5.849093391,-9.019607843
050,4,9,02,105,Alaska,Hoonah-Angoon Census Area,2150,2147,2147,2125,2144,2142,2091,2133,0,-22,19,-2,-51,42,3,32,18,19,22,20,0,16,12,8,9,17,3,16,6,11,13,3,0,3,3,3,3,3,-2,-44,12,-12,-84,41,-2,-41,15,-9,-81,44,-1,3,-2,-4,17,-5,0,0,0,0,0,0,0,14.981273408,8.4328882642,8.866075595,10.394519253,9.4696969697,7.4906367041,5.6219255095,3.733084461,4.252303331,8.0492424242,7.4906367041,2.8109627547,5.1329911339,6.1422159225,1.4204545455,1.404494382,1.4054813774,1.3999066729,1.4174344437,1.4204545455,-20.59925094,5.6219255095,-5.599626692,-39.68816442,19.412878788,-19.19475655,7.0274068869,-4.199720019,-38.27072998,20.833333333
050,4,9,02,110,Alaska,Juneau City and Borough,31275,31275,31388,32186,32443,32645,32625,32756,113,798,257,202,-20,131,101,411,368,398,414,416,61,157,185,180,167,152,40,254,183,218,247,264,7,67,98,86,90,98,63,470,-17,-59,-370,-158,70,537,81,27,-280,-60,3,7,-7,-43,13,-73,887,887,895,910,926,1073,1070,12.929814075,11.38807656,12.229596853,12.685766815,12.725409523,4.9391260578,5.7249841402,5.5309734513,5.1172054543,4.649668864,7.9906880171,5.6630924198,6.6986234022,7.5685613605,8.0757406586,2.10777991,3.0326943013,2.6425762045,2.7577753945,2.9978128202,14.785918772,-0.526079624,-1.812930187,-11.33752107,-4.833208424,16.893698682,2.5066146776,0.8296460177,-8.579745672,-1.835395604
050,4,9,02,122,Alaska,Kenai Peninsula Borough,55400,55400,55573,56375,56961,57070,57638,58059,173,802,586,109,568,421,183,710,718,715,711,713,97,387,348,393,393,447,86,323,370,322,318,266,11,33,37,32,35,34,75,440,182,-248,223,195,86,473,219,-216,258,229,1,6,-3,3,-8,-74,1722,1720,1719,1729,1576,1738,1737,12.684460642,12.670290111,12.540449527,12.396694215,12.325297977,6.913924322,6.1410319757,6.8928624672,6.8521811905,7.7270802182,5.7705363204,6.5292581351,5.6475870597,5.5445130244,4.5982177585,0.5895594383,0.6529258135,0.5612508879,0.6102451442,0.5877421195,7.8607925108,3.2116891367,-4.349694381,3.8881333473,3.3708739207,8.4503519491,3.8646149502,-3.788443493,4.4983784915,3.9586160402
050,4,9,02,130,Alaska,Ketchikan Gateway Borough,13477,13479,13525,13635,13699,13673,13781,13709,46,110,64,-26,108,-72,41,187,188,172,185,166,14,103,108,84,71,87,27,84,80,88,114,79,7,37,57,54,58,57,13,-6,-73,-155,-80,-193,20,31,-16,-101,-22,-136,-1,-5,0,-13,16,-15,246,246,280,271,272,276,273,13.770250368,13.755762055,12.567587316,13.477088949,12.077118952,7.5846833579,7.9022462867,6.1376589215,5.1722881912,6.3295743907,6.1855670103,5.8535157679,6.429928394,8.3048007576,5.7475445617,2.7245949926,4.1706299846,3.9456378781,4.2252495083,4.1469625318,-0.441826215,-5.341333138,-11.32544206,-5.827930356,-14.04146963,2.2827687776,-1.170703154,-7.379804179,-1.602680848,-9.894507093
050,4,9,02,150,Alaska,Kodiak Island Borough,13592,13606,13651,13807,14067,14097,14007,13889,45,156,260,30,-90,-118,65,221,222,225,235,232,12,63,64,60,50,51,53,158,158,165,185,181,31,51,124,101,106,115,-39,-54,-22,-236,-395,-395,-8,-3,102,-135,-289,-280,0,1,0,0,14,-19,350,350,351,346,366,390,389,16.097312259,15.928822559,15.977844056,16.723598064,16.633209062,4.5888265715,4.5920929899,4.260758415,3.5582123541,3.656438199,11.508485687,11.336729569,11.717085641,13.16538571,12.976770863,3.7147643674,8.8971801679,7.1722766652,7.5434101907,8.2449096645,-3.933279918,-1.578531965,-16.7589831,-28.1098776,-28.31947233,-0.218515551,7.3186482026,-9.586706434,-20.56646741,-20.07456266
050,4,9,02,158,Alaska,Kusilvak Census Area,7459,7459,7464,7654,7790,7952,8053,8119,5,190,136,162,101,66,55,243,240,220,235,230,10,63,56,69,67,84,45,180,184,151,168,146,0,1,2,2,2,2,-42,7,-49,20,-72,-82,-42,8,-47,22,-70,-80,2,2,-1,-11,3,0,9,9,10,9,18,31,31,32.147109406,31.08003108,27.95070512,29.36582318,28.444224586,8.3344357719,7.252007252,8.7663575149,8.3723836301,10.388325501,23.812673634,23.828023828,19.184347605,20.99343955,18.055899085,0.1322926313,0.259000259,0.2540973193,0.2499218994,0.2473410834,0.9260484191,-6.345506346,2.5409731927,-8.997188379,-10.14098442,1.0583410504,-6.086506087,2.795070512,-8.747266479,-9.893643334
050,4,9,02,164,Alaska,Lake and Peninsula Borough,1631,1635,1637,1655,1643,1652,1629,1563,2,18,-12,9,-23,-66,10,21,38,21,38,29,1,12,16,8,12,17,9,9,22,13,26,12,0,1,1,1,2,2,-8,6,-34,-2,-53,-72,-8,7,-33,-1,-51,-70,1,2,-1,-3,2,-8,37,37,37,37,37,37,37,12.758201701,23.044269254,12.746585736,23.163669613,18.170426065,7.2904009721,9.7028502122,4.8558421851,7.3148430357,10.651629073,5.467800729,13.341419042,7.8907435508,15.848826577,7.5187969925,0.6075334143,0.6064281383,0.6069802731,1.2191405059,1.2531328321,3.645200486,-20.6185567,-1.213960546,-32.30722341,-45.11278195,4.2527339004,-20.01212856,-0.606980273,-31.0880829,-43.85964912
050,4,9,02,170,Alaska,Matanuska-Susitna Borough,88995,88995,89761,91841,93791,95877,98285,101095,766,2080,1950,2086,2408,2810,321,1338,1309,1343,1402,1415,101,519,519,557,523,528,220,819,790,786,879,887,18,31,77,59,58,65,504,1185,1065,1224,1457,1864,522,1216,1142,1283,1515,1929,24,45,18,17,14,-6,1370,1370,1364,1318,2157,2497,2495,14.735520534,14.103171867,14.161587616,14.44154881,14.194001404,5.7157960815,5.5917083262,5.873420925,5.3872539426,5.2964188986,9.0197244524,8.5114635408,8.2881666913,9.0542948672,8.8975825058,0.3414059317,0.8295983451,0.6221397389,0.5974392518,0.6520212659,13.050517065,11.474314773,12.906763397,15.008086031,18.697963687,13.391922996,12.303913118,13.528903136,15.605525283,19.349984953
050,4,9,02,180,Alaska,Nome Census Area,9492,9492,9536,9834,9869,9888,9833,9846,44,298,35,19,-55,13,56,264,253,207,218,212,29,89,74,65,68,91,27,175,179,142,150,121,0,3,2,2,2,2,17,91,-148,-119,-228,-90,17,94,-146,-117,-226,-88,0,29,2,-6,21,-20,219,219,189,192,191,186,187,27.258647393,25.68136832,20.95459837,22.108412352,21.545810255,9.1894682499,7.511546465,6.5799463481,6.8962020182,9.2484374206,18.069179143,18.169821855,14.374652022,15.212210334,12.297372834,0.3097573567,0.2030147693,0.2024598876,0.2028294711,0.2032623609,9.3959731544,-15.02309293,-12.04636331,-23.12255971,-9.14680624,9.7057305111,-14.82007816,-11.84390343,-22.91973024,-8.943543879
050,4,9,02,185,Alaska,North Slope Borough,9430,9430,9468,9533,9661,9739,9713,9687,38,65,128,78,-26,-26,48,173,178,177,174,176,7,45,32,51,40,53,41,128,146,126,134,123,3,14,17,17,20,20,-4,-76,-33,-42,-206,-135,-1,-62,-16,-25,-186,-115,-2,-1,-2,-23,26,-34,2652,2652,2653,2652,2651,2650,2650,18.209567917,18.547462749,18.24742268,17.89019124,18.144329897,4.7365928109,3.3343753256,5.2577319588,4.1126876414,5.4639175258,13.472975107,15.213087423,12.989690722,13.777503599,12.680412371,1.4736066523,1.7713868917,1.7525773196,2.0563438207,2.0618556701,-7.99957897,-3.438574555,-4.329896907,-21.18034135,-13.91752577,-6.525972317,-1.667187663,-2.577319588,-19.12399753,-11.8556701
050,4,9,02,188,Alaska,Northwest Arctic Borough,7523,7523,7545,7723,7722,7716,7748,7752,22,178,-1,-6,32,4,55,213,178,195,165,175,2,42,57,39,39,76,53,171,121,156,126,99,0,6,6,6,7,7,-28,-9,-130,-152,-105,-92,-28,-3,-124,-146,-98,-85,-3,10,2,-16,4,-10,382,382,382,382,382,381,381,27.901493319,23.049530592,25.262339681,21.339886187,22.580645161,5.501702908,7.3810294594,5.0524679363,5.0439730988,9.8064516129,22.399790411,15.668501133,20.209871745,16.295913088,12.774193548,0.7859575583,0.7769504694,0.7773027594,0.9053285049,0.9032258065,-1.178936337,-16.83392684,-19.69166991,-13.57992757,-11.87096774,-0.392978779,-16.05697637,-18.91436715,-12.67459907,-10.96774194
050,4,9,02,195,Alaska,Petersburg Borough,3815,3207,3217,3244,3258,3241,3184,3177,10,27,14,-17,-57,-7,14,44,39,39,40,45,3,17,18,13,10,21,11,27,21,26,30,24,2,10,13,15,18,18,-2,-16,-18,-47,-127,-41,0,-6,-5,-32,-109,-23,-1,6,-2,-11,22,-8,43,43,43,44,43,43,43,13.620182634,11.996308828,12.001846438,12.451361868,14.148718755,5.2623432905,5.53
